{
  "Phoenix": 4.962844630259907,
  "Seville": 4.848116364598481,
  "Dallas": 4.867534450455582,
  "Scottsdale": 5.373656723093852,
  "Fort Lauderdale": 5.198497031265826,
  "Orange Beach": 5.802118375377063,
  "Milan": 5.017279836814924,
  "Pattaya City": 3.754433084853375,
  "New Orleans": 5.19295685089021,
  "Las Vegas": 5.247024072160486,
  "Rome": 5.08605193338101,
  "Sevierville": 5.327876168789581,
  "Rio de Janeiro": 4.230767603331745,
  "Destin": 5.771441123130016,
  "Denver": 5.049856007249537,
  "M\u00e1laga": 5.0209815861504,
  "Breckenridge": 5.638354669333745,
  "Panama City Beach": 5.438079308923196,
  "Los Angeles": 5.521460917862246,
  "Santo Domingo": 4.189654742026425,
  "Santa Rosa Beach": 5.886104031450156,
  "Venice": 5.3706380281276624,
  "Austin": 5.111987788356544,
  "Hilton Head Island": 5.594711379601839,
  "Tulum": 4.290596418067994,
  "Tampa": 4.836281906951478,
  "Riyadh": 4.526884267589547,
  "Barcelona": 5.476714566449835,
  "Warsaw": 4.465908118654584,
  "Palermo": 4.512396785835737,
  "Florian\u00f3polis": 4.33033852551513,
  "Myrtle Beach": 5.0238805208462765,
  "Seattle": 5.062595033026967,
  "Gatlinburg": 5.303304908059076,
  "Athina": 4.2626798770413155,
  "S\u00e3o Paulo": 3.7376696182833684,
  "Hollywood": 5.337538079701318,
  "Madrid": 4.888090941338162,
  "Vallarta": 4.672828834461906,
  "Marrakesh": 4.484018984423941,
  "Miramar Beach": 5.638354669333745,
  "Orlando": 5.14166355650266,
  "Centro": 4.001498011855749,
  "Marbella": 5.855071922202427,
  "New York": 5.680172609017068,
  "Greater London": 5.25243048377556,
  "Nice": 5.078916801512661,
  "St. Augustine": 5.351858133476067,
  "Lisbon": 5.0106352940962555,
  "San Antonio": 4.890349128221754,
  "Guaruj\u00e1": 4.418840607796598,
  "Marseille": 4.7813898305905775,
  "Cannes": 5.3248619217701485,
  "Kuala Lumpur": 3.82907608460722,
  "Nashville": 5.170483995038152,
  "San Diego": 5.420534999272286,
  "San Francisco": 5.560681631015528,
  "Canc\u00fan": 4.1588830833596715,
  "Tbilisi": 3.8066624897703196,
  "Florence": 5.1611794783294025,
  "Vienna": 4.844187086458591,
  "Mexico City": 4.127134385045092,
  "Cape Town": 4.477336814478207,
  "Chicago": 5.0369526024136295,
  "Gulf Shores": 5.541263545158426,
  "Krak\u00f3w": 4.61512051684126,
  "Washington": 5.111987788356544,
  "Athens": 4.607766811835358,
  "Miami Beach": 5.3981627015177525,
  "Naples": 5.173490833601192,
  "Buenos Aires": 3.828641396489095,
  "Mazatlan": 4.564348191467836,
  "Honolulu": 5.19295685089021,
  "Kihei": 5.707110264748875,
  "Medell\u00edn": 3.8407418034231826,
  "Playa del Carmen": 4.250778348063927,
  "Praia Grande": 4.007333185232471,
  "Seoul": 4.248495242049359,
  "Ocean City": 5.493061443340548,
  "Park City": 5.929589143389895,
  "Budapest": 4.343805421853684,
  "Miami": 5.209486152841421,
  "Bogot\u00e1": 3.5342703358865175,
  "Paris": 5.363262055188419,
  "Porto": 4.74493212836325,
  "Toronto": 4.969813299576001,
  "Steamboat Springs": 5.929589143389895,
  "Atlanta": 5.017279836814924,
  "Ubatuba": 4.213312081286144,
  "Copenhagen": 5.3471075307174685,
  "Tel Aviv-Yafo": 5.34185566856252,
  "Tucson": 4.795790545596741,
  "Cape Coral": 5.318119993844216,
  "Houston": 4.859812404361672,
  "Nairobi": 3.725693427236653,
  "Dubai": 5.0689042022202315,
  "Lahaina": 6.059123195581797,
  "North Myrtle Beach": 5.375278407684165,
  "Kissimmee": 5.365976015021851,
  "Davenport": 5.334552859130132
}