{
  "Madrid": 4.867842095435704,
  "Panama City Beach": 5.438079308923196,
  "Los Angeles": 5.521460917862246,
  "Kuala Lumpur": 3.828641396489095,
  "Nashville": 5.170483995038152,
  "San Diego": 5.3981627015177525,
  "San Francisco": 5.564520407322694,
  "Mexico City": 4.127134385045092,
  "Austin": 5.093750200806762,
  "Cape Town": 4.48863636973214,
  "Paris": 5.365976015021851,
  "Toronto": 4.962844630259907,
  "Florian\u00f3polis": 4.343805421853684,
  "Las Vegas": 5.247024072160486,
  "Brooklyn": 5.220355825078324,
  "Buenos Aires": 3.828641396489095,
  "Seattle": 5.062595033026967,
  "S\u00e3o Paulo": 3.7376696182833684,
  "Kihei": 5.707110264748875,
  "Rome": 5.08605193338101,
  "Rio de Janeiro": 4.219507705176107,
  "Houston": 4.859812404361672,
  "Dubai": 5.062595033026967,
  "Lahaina": 6.052089168924417,
  "Kissimmee": 5.3706380281276624,
  "Miami": 5.214935757608986,
  "Orlando": 5.14166355650266,
  "New York": 5.69035945432406,
  "Davenport": 5.327876168789581,
  "Greater London": 5.2574953720277815
}